PWSID,change
OR4100704,Modeled -> System Sourced
OR4100925,Modeled -> System Sourced
OR4100538,Modeled -> System Sourced
OR4100537,Modeled -> System Sourced
OR4100399,Modeled -> System Sourced
OR4100297,Modeled -> System Sourced
OR4100248,Modeled -> System Sourced
OR4100337,Modeled -> System Sourced
OR4100338,Modeled -> System Sourced
OR4101174,Modeled -> System Sourced
NV0000008,Modeled -> System Sourced
CO0157011,Modeled -> System Sourced
CO0139321,Modeled -> System Sourced
LA1109002,Modeled -> System Sourced
LA1109001,Modeled -> System Sourced
AL0000816,Modeled -> System Sourced
IL0790010,Modeled -> System Sourced
IL0070050,Modeled -> System Sourced
WI8020373,Modeled -> System Sourced
OH0600512,Modeled -> System Sourced
OH1600811,Modeled -> System Sourced
MI0003870,Modeled -> System Sourced
SC3810001,Modeled -> System Sourced
CO0110010,Modeled -> System Sourced
CO0110020,Modeled -> System Sourced
CO0110040,Modeled -> System Sourced
CO0111600,Modeled -> System Sourced
CO0112100,Modeled -> System Sourced
CO0115601,Modeled -> System Sourced
CO0115784,Modeled -> System Sourced
CO0117700,Modeled -> System Sourced
CO0119134,Modeled -> System Sourced
CO0120025,Modeled -> System Sourced
CO0122250,Modeled -> System Sourced
CO0122500,Modeled -> System Sourced
CO0122700,Modeled -> System Sourced
CO0122800,Modeled -> System Sourced
CO0122950,Modeled -> System Sourced
CO0125321,Modeled -> System Sourced
CO0125352,Modeled -> System Sourced
CO0126325,Modeled -> System Sourced
CO0129834,Modeled -> System Sourced
CO0132001,Modeled -> System Sourced
CO0132005,Modeled -> System Sourced
CO0132010,Modeled -> System Sourced
CO0134500,Modeled -> System Sourced
CO0135138,Modeled -> System Sourced
CO0136724,Modeled -> System Sourced
CO0137005,Modeled -> System Sourced
CO0138005,Modeled -> System Sourced
CO0138015,Modeled -> System Sourced
CO0138030,Modeled -> System Sourced
CO0139600,Modeled -> System Sourced
CO0140500,Modeled -> System Sourced
CO0141188,Modeled -> System Sourced
CO0143559,Modeled -> System Sourced
CO0143582,Modeled -> System Sourced
CO0144015,Modeled -> System Sourced
CO0145450,Modeled -> System Sourced
CO0146676,Modeled -> System Sourced
CO0148001,Modeled -> System Sourced
CO0151400,Modeled -> System Sourced
CO0153600,Modeled -> System Sourced
CO0154842,Modeled -> System Sourced
CO0154900,Modeled -> System Sourced
CO0155800,Modeled -> System Sourced
CO0158005,Modeled -> System Sourced
CO0158010,Modeled -> System Sourced
CO0160700,Modeled -> System Sourced
CO0161010,Modeled -> System Sourced
CO0162322,Modeled -> System Sourced
CO0162439,Modeled -> System Sourced
CO0162466,Modeled -> System Sourced
CO0162511,Modeled -> System Sourced
CO0162559,Modeled -> System Sourced
CO0162615,Modeled -> System Sourced
CO0163020,Modeled -> System Sourced
FL1030050,Modeled -> System Sourced
FL1030148,Modeled -> System Sourced
FL1030467,Modeled -> System Sourced
FL1030520,Modeled -> System Sourced
FL1070014,Modeled -> System Sourced
FL1070685,Modeled -> System Sourced
FL1190013,Modeled -> System Sourced
FL1190118,Modeled -> System Sourced
FL1190150,Modeled -> System Sourced
FL1190236,Modeled -> System Sourced
FL1190789,Modeled -> System Sourced
FL1200134,Modeled -> System Sourced
FL1200334,Modeled -> System Sourced
FL1200551,Modeled -> System Sourced
FL1200687,Modeled -> System Sourced
FL1200688,Modeled -> System Sourced
FL1200797,Modeled -> System Sourced
FL1200885,Modeled -> System Sourced
FL1204029,Modeled -> System Sourced
FL1204065,Modeled -> System Sourced
FL1230545,Modeled -> System Sourced
FL1230734,Modeled -> System Sourced
FL1230848,Modeled -> System Sourced
FL1300083,Modeled -> System Sourced
FL1300214,Modeled -> System Sourced
FL1300247,Modeled -> System Sourced
FL1300498,Modeled -> System Sourced
FL1304033,Modeled -> System Sourced
FL1304034,Modeled -> System Sourced
FL1320011,Modeled -> System Sourced
FL1320111,Modeled -> System Sourced
FL1320143,Modeled -> System Sourced
FL1320145,Modeled -> System Sourced
FL1320311,Modeled -> System Sourced
FL1320440,Modeled -> System Sourced
FL1320449,Modeled -> System Sourced
FL1320686,Modeled -> System Sourced
FL1320689,Modeled -> System Sourced
FL1324031,Modeled -> System Sourced
FL1324098,Modeled -> System Sourced
FL1330748,Modeled -> System Sourced
FL1330478,Modeled -> System Sourced
FL1370023,Modeled -> System Sourced
FL1370353,Modeled -> System Sourced
FL1370393,Modeled -> System Sourced
FL1370461,Modeled -> System Sourced
FL1370463,Modeled -> System Sourced
FL1370598,Modeled -> System Sourced
FL1370640,Modeled -> System Sourced
FL1370669,Modeled -> System Sourced
FL1370745,Modeled -> System Sourced
FL1370888,Modeled -> System Sourced
FL1370898,Modeled -> System Sourced
FL1374008,Modeled -> System Sourced
FL1374049,Modeled -> System Sourced
FL1374054,Modeled -> System Sourced
FL1390087,Modeled -> System Sourced
FL1390651,Modeled -> System Sourced
FL1390901,Modeled -> System Sourced
FL1394003,Modeled -> System Sourced
FL1394006,Modeled -> System Sourced
FL1460035,Modeled -> System Sourced
FL1460043,Modeled -> System Sourced
FL1460144,Modeled -> System Sourced
FL1460147,Modeled -> System Sourced
FL1460149,Modeled -> System Sourced
FL1460182,Modeled -> System Sourced
FL1460202,Modeled -> System Sourced
FL1460352,Modeled -> System Sourced
FL1460455,Modeled -> System Sourced
FL1460472,Modeled -> System Sourced
FL1464044,Modeled -> System Sourced
FL1464068,Modeled -> System Sourced
FL1570042,Modeled -> System Sourced
FL1570064,Modeled -> System Sourced
FL1570140,Modeled -> System Sourced
FL1570146,Modeled -> System Sourced
FL1570232,Modeled -> System Sourced
FL1570316,Modeled -> System Sourced
FL1570349,Modeled -> System Sourced
FL1570384,Modeled -> System Sourced
FL1570470,Modeled -> System Sourced
FL1570479,Modeled -> System Sourced
FL1570540,Modeled -> System Sourced
FL1570671,Modeled -> System Sourced
FL1570874,Modeled -> System Sourced
FL1650514,Modeled -> System Sourced
FL1650612,Modeled -> System Sourced
FL1650630,Modeled -> System Sourced
FL1650785,Modeled -> System Sourced
FL1650792,Modeled -> System Sourced
FL1660028,Modeled -> System Sourced
FL1660196,Modeled -> System Sourced
FL1660370,Modeled -> System Sourced
FL1660524,Modeled -> System Sourced
FL1660596,Modeled -> System Sourced
FL1660615,Modeled -> System Sourced
FL1660803,Modeled -> System Sourced
FL1664019,Modeled -> System Sourced
FL1670119,Modeled -> System Sourced
FL1670135,Modeled -> System Sourced
FL1670647,Modeled -> System Sourced
FL1670710,Modeled -> System Sourced
FL1670721,Modeled -> System Sourced
FL4060291,Modeled -> System Sourced
FL4061517,Modeled -> System Sourced
FL4064390,Modeled -> System Sourced
MT0000262,Modeled -> System Sourced
MT0000189,Modeled -> System Sourced
MT0004475,Modeled -> System Sourced
MT0002862,Modeled -> System Sourced
MT0001744,Modeled -> System Sourced
MT0004458,Modeled -> System Sourced
MT0004700,Modeled -> System Sourced
MT0003194,Modeled -> System Sourced
MT0001923,Modeled -> System Sourced
MT0001984,Modeled -> System Sourced
MT0000261,Modeled -> System Sourced
MT0001737,Modeled -> System Sourced
MT0000253,Modeled -> System Sourced
MT0000266,Modeled -> System Sourced
MT0000286,Modeled -> System Sourced
MT0002925,Modeled -> System Sourced
MT0000914,Modeled -> System Sourced
MT0000089,Modeled -> System Sourced
MT0000086,Modeled -> System Sourced
MT0000332,Modeled -> System Sourced
MT0004221,Modeled -> System Sourced
MT0003774,Modeled -> System Sourced
MT0000357,Modeled -> System Sourced
MT0004671,Modeled -> System Sourced
MT0003103,Modeled -> System Sourced
MT0001917,Modeled -> System Sourced
MT0000172,Modeled -> System Sourced
MT0003100,Modeled -> System Sourced
MT0003233,Modeled -> System Sourced
MT0004400,Modeled -> System Sourced
MS0490001,Modeled -> System Sourced
MS0480001,Modeled -> System Sourced
MS0610001,Modeled -> System Sourced
MS0580001,Modeled -> System Sourced
MS0170001,Modeled -> System Sourced
MS0730024,Modeled -> System Sourced
MS0070002,Modeled -> System Sourced
MS0240084,Modeled -> System Sourced
MS0530002,Modeled -> System Sourced
MS0430001,Modeled -> System Sourced
MS0060047,Modeled -> System Sourced
MS0530004,Modeled -> System Sourced
MS0410002,Modeled -> System Sourced
MS0790002,Modeled -> System Sourced
MS0070004,Modeled -> System Sourced
MS0800002,Modeled -> System Sourced
MS0680001,Modeled -> System Sourced
MS0420035,Modeled -> System Sourced
MS0820031,Modeled -> System Sourced
MS0700003,Modeled -> System Sourced
MS0760014,Modeled -> System Sourced
MS0410006,Modeled -> System Sourced
MS0170025,Modeled -> System Sourced
MS0520004,Modeled -> System Sourced
MS0700011,Modeled -> System Sourced
MS0410004,Modeled -> System Sourced
MS0770002,Modeled -> System Sourced
MS0380001,Modeled -> System Sourced
MS0610022,Modeled -> System Sourced
MS0440003,Modeled -> System Sourced
MS0040001,Modeled -> System Sourced
MS0690047,Modeled -> System Sourced
MS0810003,Modeled -> System Sourced
MS0240236,Modeled -> System Sourced
MS0710003,Modeled -> System Sourced
MS0290002,Modeled -> System Sourced
MS0530008,Modeled -> System Sourced
MS0510005,Modeled -> System Sourced
MS0140045,Modeled -> System Sourced
MS0810004,Modeled -> System Sourced
MS0450007,Modeled -> System Sourced
MS0260007,Modeled -> System Sourced
MS0490003,Modeled -> System Sourced
MS0610044,Modeled -> System Sourced
MS0100010,Modeled -> System Sourced
MS0710005,Modeled -> System Sourced
MS0220036,Modeled -> System Sourced
MS0230065,Modeled -> System Sourced
MS0120016,Modeled -> System Sourced
MS0480008,Modeled -> System Sourced
MS0540008,Modeled -> System Sourced
MS0110003,Modeled -> System Sourced
MS0540029,Modeled -> System Sourced
MS0800011,Modeled -> System Sourced
MS0640005,Modeled -> System Sourced
MS0730025,Modeled -> System Sourced
MS0620006,Modeled -> System Sourced
MS0360008,Modeled -> System Sourced
MS0540009,Modeled -> System Sourced
MS0740002,Modeled -> System Sourced
MS0540011,Modeled -> System Sourced
MS0730003,Modeled -> System Sourced
MS0490005,Modeled -> System Sourced
MS0820015,Modeled -> System Sourced
MS0700015,Modeled -> System Sourced
MS0210006,Modeled -> System Sourced
MS0610013,Modeled -> System Sourced
MS0170011,Modeled -> System Sourced
MS0540012,Modeled -> System Sourced
MS0690004,Modeled -> System Sourced
MS0340010,Modeled -> System Sourced
MS0070008,Modeled -> System Sourced
MS0740076,Modeled -> System Sourced
MS0660021,Modeled -> System Sourced
MS0030005,Modeled -> System Sourced
MS0400016,Modeled -> System Sourced
MS0040006,Modeled -> System Sourced
MS0320015,Modeled -> System Sourced
MS0460011,Modeled -> System Sourced
MS0650005,Modeled -> System Sourced
MS0580021,Modeled -> System Sourced
MS0800015,Modeled -> System Sourced
MS0170014,Modeled -> System Sourced
MS0590011,Modeled -> System Sourced
MS0070012,Modeled -> System Sourced
MS0510012,Modeled -> System Sourced
MS0550002,Modeled -> System Sourced
MS0570008,Modeled -> System Sourced
MS0060014,Modeled -> System Sourced
MS0100006,Modeled -> System Sourced
MS0310009,Modeled -> System Sourced
MS0680008,Modeled -> System Sourced
MS0550060,Modeled -> System Sourced
MS0310010,Modeled -> System Sourced
MS0680033,Modeled -> System Sourced
MS0400007,Modeled -> System Sourced
MS0030006,Modeled -> System Sourced
MS0610015,Modeled -> System Sourced
MS0610019,Modeled -> System Sourced
MS0540069,Modeled -> System Sourced
MS0550006,Modeled -> System Sourced
MS0530017,Modeled -> System Sourced
MS0110006,Modeled -> System Sourced
MS0310011,Modeled -> System Sourced
MS0040010,Modeled -> System Sourced
MS0780009,Modeled -> System Sourced
MS0700021,Modeled -> System Sourced
MS0640014,Modeled -> System Sourced
MS0600012,Modeled -> System Sourced
MS0490008,Modeled -> System Sourced
MS0210012,Modeled -> System Sourced
MS0250024,Modeled -> System Sourced
MS0670038,Modeled -> System Sourced
MS0060042,Modeled -> System Sourced
MS0360014,Modeled -> System Sourced
MS0530041,Modeled -> System Sourced
MS0100007,Modeled -> System Sourced
MS0090024,Modeled -> System Sourced
MS0380009,Modeled -> System Sourced
MS0310024,Modeled -> System Sourced
MS0530023,Modeled -> System Sourced
MS0580010,Modeled -> System Sourced
MS0610030,Modeled -> System Sourced
MS0170043,Modeled -> System Sourced
MS0400011,Modeled -> System Sourced
MS0140047,Modeled -> System Sourced
MS0120027,Modeled -> System Sourced
MS0600016,Modeled -> System Sourced
MS0460013,Modeled -> System Sourced
MS0760010,Modeled -> System Sourced
MS0040011,Modeled -> System Sourced
ND1801056,Modeled -> System Sourced
ND5201309,Modeled -> System Sourced
ND5301079,Modeled -> System Sourced
ND1101442,Modeled -> System Sourced
ND3201072,Modeled -> System Sourced
ND1801062,Modeled -> System Sourced
ND3601424,Modeled -> System Sourced
ND0201058,Modeled -> System Sourced
ND3701448,Modeled -> System Sourced
ND4701303,Modeled -> System Sourced
ND3901068,Modeled -> System Sourced
ND5301152,Modeled -> System Sourced
ND5001075,Modeled -> System Sourced
AL0001716,Modeled -> System Sourced
AL0000103,Modeled -> System Sourced
AL0000174,Modeled -> System Sourced
AL0000406,Modeled -> System Sourced
AL0000577,Modeled -> System Sourced
AL0000761,Modeled -> System Sourced
AL0000920,Modeled -> System Sourced
AL0001150,Modeled -> System Sourced
AZ0411557,Modeled -> System Sourced
CO0106300,Modeled -> System Sourced
CO0109006,Modeled -> System Sourced
CO0113900,Modeled -> System Sourced
CO0123167,Modeled -> System Sourced
CO0136800,Modeled -> System Sourced
CO0142200,Modeled -> System Sourced
CO0143176,Modeled -> System Sourced
CO0143506,Modeled -> System Sourced
CO0143518,Modeled -> System Sourced
CO0143755,Modeled -> System Sourced
CO0145420,Modeled -> System Sourced
CO0145600,Modeled -> System Sourced
CO0149122,Modeled -> System Sourced
CO0149671,Modeled -> System Sourced
CO0150700,Modeled -> System Sourced
CO0156600,Modeled -> System Sourced
CO0157500,Modeled -> System Sourced
CO0162418,Modeled -> System Sourced
DE0000630,Modeled -> System Sourced
DE0000657,Modeled -> System Sourced
FL1070685,Modeled -> System Sourced
FL1190789,Modeled -> System Sourced
FL2100626,Modeled -> System Sourced
FL2160735,Modeled -> System Sourced
FL2541180,Modeled -> System Sourced
FL2544298,Modeled -> System Sourced
FL2544444,Modeled -> System Sourced
FL2550866,Modeled -> System Sourced
FL2550908,Modeled -> System Sourced
FL2554334,Modeled -> System Sourced
FL2554471,Modeled -> System Sourced
FL3420533,Modeled -> System Sourced
FL3420761,Modeled -> System Sourced
FL3420924,Modeled -> System Sourced
FL3420939,Modeled -> System Sourced
FL3421314,Modeled -> System Sourced
FL3424654,Modeled -> System Sourced
FL3424662,Modeled -> System Sourced
FL3531517,Modeled -> System Sourced
FL4060282,Modeled -> System Sourced
FL4060344,Modeled -> System Sourced
FL4060989,Modeled -> System Sourced
FL4061584,Modeled -> System Sourced
FL4500014,Modeled -> System Sourced
FL4501229,Modeled -> System Sourced
FL4501438,Modeled -> System Sourced
FL4505005,Modeled -> System Sourced
FL4561689,Modeled -> System Sourced
FL4564397,Modeled -> System Sourced
FL4565030,Modeled -> System Sourced
FL5110118,Modeled -> System Sourced
FL5110142,Modeled -> System Sourced
FL5110230,Modeled -> System Sourced
FL5260226,Modeled -> System Sourced
FL5280266,Modeled -> System Sourced
FL6510424,Modeled -> System Sourced
FL6520486,Modeled -> System Sourced
FL6520705,Modeled -> System Sourced
FL6580531,Modeled -> System Sourced
FL6580531,Modeled -> System Sourced
GA0110001,Modeled -> System Sourced
GA0670001,Modeled -> System Sourced
GA0770002,Modeled -> System Sourced
GA1150001,Modeled -> System Sourced
GA1210002,Modeled -> System Sourced
GA1210003,Modeled -> System Sourced
GA1270000,Modeled -> System Sourced
GA1270001,Modeled -> System Sourced
GA1270150,Modeled -> System Sourced
GA1270159,Modeled -> System Sourced
GA1270160,Modeled -> System Sourced
GA1270186,Modeled -> System Sourced
GA1270187,Modeled -> System Sourced
GA1510000,Modeled -> System Sourced
GA1570000,Modeled -> System Sourced
GA1570001,Modeled -> System Sourced
GA1570002,Modeled -> System Sourced
GA1570003,Modeled -> System Sourced
GA1570004,Modeled -> System Sourced
GA1570117,Modeled -> System Sourced
GA2470000,Modeled -> System Sourced
GA2790002,Modeled -> System Sourced
GA2970002,Modeled -> System Sourced
041200001,Modeled -> System Sourced
041200002,Modeled -> System Sourced
104101136,Modeled -> System Sourced
104121121,Modeled -> System Sourced
IA0844006,Modeled -> System Sourced
IA0848701,Modeled -> System Sourced
IA2561036,Modeled -> System Sourced
IA2573701,Modeled -> System Sourced
IA2573701,Modeled -> System Sourced
IA2573701,Modeled -> System Sourced
IA5751035,Modeled -> System Sourced
IA8503039,Modeled -> System Sourced
IA9083012,Modeled -> System Sourced
IA9525047,Modeled -> System Sourced
ID1090121,Modeled -> System Sourced
ID1090193,Modeled -> System Sourced
ID4010220,Modeled -> System Sourced
ID5420058,Modeled -> System Sourced
ID7100004,Modeled -> System Sourced
ID7190013,Modeled -> System Sourced
ID7330022,Modeled -> System Sourced
IL0050050,Modeled -> System Sourced
IL0310180,Modeled -> System Sourced
IL0310330,Modeled -> System Sourced
IL0311530,Modeled -> System Sourced
IL0311560,Modeled -> System Sourced
IL0312160,Modeled -> System Sourced
IL0312640,Modeled -> System Sourced
IL0314480,Modeled -> System Sourced
IL0430050,Modeled -> System Sourced
IL0430400,Modeled -> System Sourced
IL0430450,Modeled -> System Sourced
IL0430700,Modeled -> System Sourced
IL0431250,Modeled -> System Sourced
IL0434820,Modeled -> System Sourced
IL0490250,Modeled -> System Sourced
IL0890200,Modeled -> System Sourced
IL0890800,Modeled -> System Sourced
IL0910650,Modeled -> System Sourced
IL0970200,Modeled -> System Sourced
IL0970350,Modeled -> System Sourced
IL0970550,Modeled -> System Sourced
IL0970840,Modeled -> System Sourced
IL0971550,Modeled -> System Sourced
IL0977370,Modeled -> System Sourced
IL1110050,Modeled -> System Sourced
IL1110600,Modeled -> System Sourced
IL1430020,Modeled -> System Sourced
IL1430030,Modeled -> System Sourced
IL1430200,Modeled -> System Sourced
IL1434750,Modeled -> System Sourced
IL1610450,Modeled -> System Sourced
IL1610650,Modeled -> System Sourced
IL1970700,Modeled -> System Sourced
IN5203002,Modeled -> System Sourced
IN5241001,Modeled -> System Sourced
IN5243017,Modeled -> System Sourced
IN5243025,Modeled -> System Sourced
IN5245041,Modeled -> System Sourced
LA1033030,Modeled -> System Sourced
LA1073046,Modeled -> System Sourced
LA1087001,Modeled -> System Sourced
LA1089001,Modeled -> System Sourced
LA1103041,Modeled -> System Sourced
LA1105009,Modeled -> System Sourced
ME0090070,Modeled -> System Sourced
ME0091300,Modeled -> System Sourced
ME0091680,Modeled -> System Sourced
MI0000380,Modeled -> System Sourced
MI0002530,Modeled -> System Sourced
MI0002745,Modeled -> System Sourced
MI0003323,Modeled -> System Sourced
MI0003620,Modeled -> System Sourced
MI0003740,Modeled -> System Sourced
MI0004000,Modeled -> System Sourced
MI0004030,Modeled -> System Sourced
MI0004120,Modeled -> System Sourced
MI0004150,Modeled -> System Sourced
MI0004170,Modeled -> System Sourced
MI0004370,Modeled -> System Sourced
MI0005370,Modeled -> System Sourced
MI0005730,Modeled -> System Sourced
MI0006300,Modeled -> System Sourced
MO5010619,Modeled -> System Sourced
MS0140002,Modeled -> System Sourced
MS0300004,Modeled -> System Sourced
MS0450013,Modeled -> System Sourced
MS0610023,Modeled -> System Sourced
MS0710001,Modeled -> System Sourced
MT0000007,Modeled -> System Sourced
MT0000009,Modeled -> System Sourced
MT0000014,Modeled -> System Sourced
MT0000022,Modeled -> System Sourced
MT0000136,Modeled -> System Sourced
MT0000154,Modeled -> System Sourced
MT0000156,Modeled -> System Sourced
MT0000157,Modeled -> System Sourced
MT0000164,Modeled -> System Sourced
MT0000170,Modeled -> System Sourced
MT0000184,Modeled -> System Sourced
MT0000187,Modeled -> System Sourced
MT0000224,Modeled -> System Sourced
MT0000232,Modeled -> System Sourced
MT0000241,Modeled -> System Sourced
MT0000248,Modeled -> System Sourced
MT0000249,Modeled -> System Sourced
MT0000250,Modeled -> System Sourced
MT0000254,Modeled -> System Sourced
MT0000259,Modeled -> System Sourced
MT0000269,Modeled -> System Sourced
MT0000285,Modeled -> System Sourced
MT0000296,Modeled -> System Sourced
MT0000300,Modeled -> System Sourced
MT0000317,Modeled -> System Sourced
MT0000328,Modeled -> System Sourced
MT0000343,Modeled -> System Sourced
MT0000352,Modeled -> System Sourced
MT0000362,Modeled -> System Sourced
MT0000385,Modeled -> System Sourced
MT0000460,Modeled -> System Sourced
MT0000514,Modeled -> System Sourced
MT0000520,Modeled -> System Sourced
MT0000521,Modeled -> System Sourced
MT0000526,Modeled -> System Sourced
MT0000571,Modeled -> System Sourced
MT0000573,Modeled -> System Sourced
MT0000579,Modeled -> System Sourced
MT0000580,Modeled -> System Sourced
MT0000628,Modeled -> System Sourced
MT0000632,Modeled -> System Sourced
MT0001326,Modeled -> System Sourced
MT0001864,Modeled -> System Sourced
MT0001923,Modeled -> System Sourced
MT0001924,Modeled -> System Sourced
MT0001983,Modeled -> System Sourced
MT0002173,Modeled -> System Sourced
MT0002385,Modeled -> System Sourced
MT0002395,Modeled -> System Sourced
MT0002590,Modeled -> System Sourced
MT0002669,Modeled -> System Sourced
MT0002800,Modeled -> System Sourced
MT0002986,Modeled -> System Sourced
MT0003150,Modeled -> System Sourced
MT0003203,Modeled -> System Sourced
MT0003312,Modeled -> System Sourced
MT0003374,Modeled -> System Sourced
MT0003595,Modeled -> System Sourced
MT0003780,Modeled -> System Sourced
MT0003782,Modeled -> System Sourced
MT0003986,Modeled -> System Sourced
MT0004039,Modeled -> System Sourced
MT0004082,Modeled -> System Sourced
MT0004177,Modeled -> System Sourced
MT0004264,Modeled -> System Sourced
MT0004555,Modeled -> System Sourced
MT0004583,Modeled -> System Sourced
MT0004739,Modeled -> System Sourced
MT0004765,Modeled -> System Sourced
MT0004931,Modeled -> System Sourced
NC0149025,Modeled -> System Sourced
NC0195101,Modeled -> System Sourced
NC4019010,Modeled -> System Sourced
ND1501310,Modeled -> System Sourced
ND2500266,Modeled -> System Sourced
ND3001431,Modeled -> System Sourced
ND3400170,Modeled -> System Sourced
ND3800695,Modeled -> System Sourced
ND3900976,Modeled -> System Sourced
ND4500242,Modeled -> System Sourced
ND4500396,Modeled -> System Sourced
ND4900482,Modeled -> System Sourced
ND5100660,Modeled -> System Sourced
NE3101906,Modeled -> System Sourced
NE3107701,Modeled -> System Sourced
NE3117905,Modeled -> System Sourced
NV0000013,Modeled -> System Sourced
NV0000062,Modeled -> System Sourced
NY1330288,Modeled -> System Sourced
NY2000129,Modeled -> System Sourced
NY2230102,Modeled -> System Sourced
NY5600101,Modeled -> System Sourced
NY5600106,Modeled -> System Sourced
NY5600108,Modeled -> System Sourced
NY5600109,Modeled -> System Sourced
OH0100012,Modeled -> System Sourced
OH0200412,Modeled -> System Sourced
OH0501503,Modeled -> System Sourced
OH0800503,Modeled -> System Sourced
OH0902312,Modeled -> System Sourced
OH1800003,Modeled -> System Sourced
OH1800111,Modeled -> System Sourced
OH1800212,Modeled -> System Sourced
OH2201411,Modeled -> System Sourced
OH2301512,Modeled -> System Sourced
OH2400714,Modeled -> System Sourced
OH3101112,Modeled -> System Sourced
OH3400112,Modeled -> System Sourced
OH3400214,Modeled -> System Sourced
OH3400312,Modeled -> System Sourced
OH3400412,Modeled -> System Sourced
OH3400503,Modeled -> System Sourced
OH3400811,Modeled -> System Sourced
OH3400912,Modeled -> System Sourced
OH3401103,Modeled -> System Sourced
OH3401312,Modeled -> System Sourced
OH3401403,Modeled -> System Sourced
OH3600312,Modeled -> System Sourced
OH4001912,Modeled -> System Sourced
OH4100003,Modeled -> System Sourced
OH4800603,Modeled -> System Sourced
OH4801303,Modeled -> System Sourced
OH5201712,Modeled -> System Sourced
OH5501612,Modeled -> System Sourced
OH5800112,Modeled -> System Sourced
OH5800912,Modeled -> System Sourced
OH5801103,Modeled -> System Sourced
OH5801203,Modeled -> System Sourced
OH6000212,Modeled -> System Sourced
OH6000412,Modeled -> System Sourced
OH6000612,Modeled -> System Sourced
OH6001411,Modeled -> System Sourced
OH6001711,Modeled -> System Sourced
OH6001912,Modeled -> System Sourced
OH6002212,Modeled -> System Sourced
OH6002712,Modeled -> System Sourced
OH6402303,Modeled -> System Sourced
OH6500412,Modeled -> System Sourced
OH6789112,Modeled -> System Sourced
OH7002212,Modeled -> System Sourced
OH7300111,Modeled -> System Sourced
OH7700411,Modeled -> System Sourced
OH7701612,Modeled -> System Sourced
OH7900812,Modeled -> System Sourced
OH8701803,Modeled -> System Sourced
OH8704203,Modeled -> System Sourced
OH8752812,Modeled -> System Sourced
OH8800511,Modeled -> System Sourced
OR4100055,Modeled -> System Sourced
OR4100074,Modeled -> System Sourced
OR4100094,Modeled -> System Sourced
OR4100100,Modeled -> System Sourced
OR4100115,Modeled -> System Sourced
OR4100122,Modeled -> System Sourced
OR4100172,Modeled -> System Sourced
OR4100279,Modeled -> System Sourced
OR4100296,Modeled -> System Sourced
OR4100342,Modeled -> System Sourced
OR4100372,Modeled -> System Sourced
OR4100385,Modeled -> System Sourced
OR4100386,Modeled -> System Sourced
OR4100387,Modeled -> System Sourced
OR4100403,Modeled -> System Sourced
OR4100493,Modeled -> System Sourced
OR4100534,Modeled -> System Sourced
OR4100549,Modeled -> System Sourced
OR4100556,Modeled -> System Sourced
OR4100612,Modeled -> System Sourced
OR4100720,Modeled -> System Sourced
OR4100744,Modeled -> System Sourced
OR4100745,Modeled -> System Sourced
OR4100768,Modeled -> System Sourced
OR4100783,Modeled -> System Sourced
OR4100821,Modeled -> System Sourced
OR4100887,Modeled -> System Sourced
OR4100904,Modeled -> System Sourced
OR4100907,Modeled -> System Sourced
OR4101195,Modeled -> System Sourced
OR4101439,Modeled -> System Sourced
OR4101506,Modeled -> System Sourced
083890023,Modeled -> System Sourced
083890025,Modeled -> System Sourced
SC0210001,Modeled -> System Sourced
SC0220005,Modeled -> System Sourced
SC0220006,Modeled -> System Sourced
SC0720001,Modeled -> System Sourced
SC0720006,Modeled -> System Sourced
SC0720009,Modeled -> System Sourced
SC2210001,Modeled -> System Sourced
SC2610008,Modeled -> System Sourced
SC3210001,Modeled -> System Sourced
SC3620002,Modeled -> System Sourced
VA1077251,Modeled -> System Sourced
VA1720076,Modeled -> System Sourced
VA2790600,Modeled -> System Sourced
VA3095490,Modeled -> System Sourced
VA4127190,Modeled -> System Sourced
VA4127200,Modeled -> System Sourced
VA4127450,Modeled -> System Sourced
VA4127635,Modeled -> System Sourced
VA4127900,Modeled -> System Sourced
VA5019052,Modeled -> System Sourced
VA5019052,Modeled -> System Sourced
VA5019052,Modeled -> System Sourced
VA5019052,Modeled -> System Sourced
VA5019052,Modeled -> System Sourced
VA5019052,Modeled -> System Sourced
VA5019052,Modeled -> System Sourced
VA5019052,Modeled -> System Sourced
VA5067840,Modeled -> System Sourced
VA6099050,Modeled -> System Sourced
VA6099085,Modeled -> System Sourced
VA6099100,Modeled -> System Sourced
VA6099250,Modeled -> System Sourced
VA6099283,Modeled -> System Sourced
VA6099340,Modeled -> System Sourced
VA6099350,Modeled -> System Sourced
VA6099550,Modeled -> System Sourced
WI1110039,Modeled -> System Sourced
WI1110125,Modeled -> System Sourced
WI1130218,Modeled -> System Sourced
WI1250075,Modeled -> System Sourced
WI1280044,Modeled -> System Sourced
WI4200476,Modeled -> System Sourced
WI4360364,Modeled -> System Sourced
WI4600446,Modeled -> System Sourced
WI4690398,Modeled -> System Sourced
WI6320233,Modeled -> System Sourced
WI6320311,Modeled -> System Sourced
WI6490337,Modeled -> System Sourced
WI6560087,Modeled -> System Sourced
WI7370102,Modeled -> System Sourced
WI7720171,Modeled -> System Sourced
WI8550131,Modeled -> System Sourced
WI8660305,Modeled -> System Sourced
AK2110342,Modeled -> System Sourced
AK2110601,Modeled -> System Sourced
AK2120143,Modeled -> System Sourced
AK2120169,Modeled -> System Sourced
AK2120216,Modeled -> System Sourced
AK2120232,Modeled -> System Sourced
AK2120436,Modeled -> System Sourced
AK2130067,Modeled -> System Sourced
AK2130083,Modeled -> System Sourced
AK2130122,Modeled -> System Sourced
AK2130148,Modeled -> System Sourced
AK2130156,Modeled -> System Sourced
AK2130172,Modeled -> System Sourced
AK2211952,Modeled -> System Sourced
AK2223145,Modeled -> System Sourced
AK2223983,Modeled -> System Sourced
AK2224159,Modeled -> System Sourced
AK2224256,Modeled -> System Sourced
AK2224337,Modeled -> System Sourced
AK2224646,Modeled -> System Sourced
AK2225032,Modeled -> System Sourced
AK2226020,Modeled -> System Sourced
AK2227212,Modeled -> System Sourced
AK2240448,Modeled -> System Sourced
AK2240464,Modeled -> System Sourced
AK2240472,Modeled -> System Sourced
AK2240707,Modeled -> System Sourced
AK2241054,Modeled -> System Sourced
AK2241648,Modeled -> System Sourced
AK2243658,Modeled -> System Sourced
AK2247490,Modeled -> System Sourced
AK2249028,Modeled -> System Sourced
AK2249434,Modeled -> System Sourced
AK2250011,Modeled -> System Sourced
AK2250045,Modeled -> System Sourced
AK2250061,Modeled -> System Sourced
AK2260032,Modeled -> System Sourced
AK2260058,Modeled -> System Sourced
AK2260066,Modeled -> System Sourced
AK2260074,Modeled -> System Sourced
AK2260090,Modeled -> System Sourced
AK2260197,Modeled -> System Sourced
AK2260228,Modeled -> System Sourced
AK2260244,Modeled -> System Sourced
AK2260260,Modeled -> System Sourced
AK2260286,Modeled -> System Sourced
AK2260294,Modeled -> System Sourced
AK2260309,Modeled -> System Sourced
AK2260333,Modeled -> System Sourced
AK2260367,Modeled -> System Sourced
AK2260595,Modeled -> System Sourced
AK2260804,Modeled -> System Sourced
AK2260812,Modeled -> System Sourced
AK2261444,Modeled -> System Sourced
AK2262199,Modeled -> System Sourced
AK2262238,Modeled -> System Sourced
AK2270168,Modeled -> System Sourced
AK2270176,Modeled -> System Sourced
AK2270257,Modeled -> System Sourced
AK2270273,Modeled -> System Sourced
AK2270312,Modeled -> System Sourced
AK2270697,Modeled -> System Sourced
AK2271041,Modeled -> System Sourced
AK2271874,Modeled -> System Sourced
AK2271999,Modeled -> System Sourced
AK2272005,Modeled -> System Sourced
AK2272750,Modeled -> System Sourced
AK2280074,Modeled -> System Sourced
AK2280155,Modeled -> System Sourced
AK2293205,Modeled -> System Sourced
AK2298103,Modeled -> System Sourced
AK2300191,Modeled -> System Sourced
AK2300214,Modeled -> System Sourced
AK2310675,Modeled -> System Sourced
AK2310900,Modeled -> System Sourced
AK2310918,Modeled -> System Sourced
AK2310926,Modeled -> System Sourced
AK2310934,Modeled -> System Sourced
AK2320078,Modeled -> System Sourced
AK2320086,Modeled -> System Sourced
AK2320094,Modeled -> System Sourced
AK2320248,Modeled -> System Sourced
AK2320264,Modeled -> System Sourced
AK2320426,Modeled -> System Sourced
AK2340010,Modeled -> System Sourced
AK2340060,Modeled -> System Sourced
AK2340109,Modeled -> System Sourced
AK2340159,Modeled -> System Sourced
AK2340183,Modeled -> System Sourced
AK2340214,Modeled -> System Sourced
AK2340230,Modeled -> System Sourced
AK2340337,Modeled -> System Sourced
AK2340379,Modeled -> System Sourced
AK2340418,Modeled -> System Sourced
AK2340751,Modeled -> System Sourced
AK2350235,Modeled -> System Sourced
AK2360256,Modeled -> System Sourced
AK2360272,Modeled -> System Sourced
AK2370780,Modeled -> System Sourced
AK2380214,Modeled -> System Sourced
AK2390065,Modeled -> System Sourced
